Star_ID,Mass (MSun),X (pc),Y (pc),Z (pc),Simulation Time (Myr)
0,0.12923980707,1.76822005437,1.48948676434,2.02285967545,4.799999999999999
1,0.413782741526,-0.235356244355,0.952393476443,-1.93408587046,4.799999999999999
2,0.414854596143,1.38040775269,-4.41339607412,-2.8217746281,4.799999999999999
3,0.211553416858,0.168069418034,0.0194326085741,4.56751876698,4.799999999999999
4,0.123559236319,2.82359256677,-0.389681415373,2.07463967547,4.799999999999999
5,0.111613827082,2.09762564677,0.712534991625,-0.552157199919,4.799999999999999
6,0.628711164674,2.51062508974,0.782596058191,-1.1911975268,4.799999999999999
7,0.21248096621,-0.631245062256,0.174840040575,-0.782739589723,4.799999999999999
8,0.263597421053,1.01364928547,0.149568204165,-1.0008194679,4.799999999999999
9,0.276022864975,-0.374656496207,1.2525605699,-0.060645336594,4.799999999999999
10,0.468933209027,0.968260367101,-1.33675291526,-0.0710111670063,4.799999999999999
11,0.237916956882,0.618681689205,-0.0130726374065,-1.68152346516,4.799999999999999
12,0.104001185875,-1.32262652562,0.964810563922,0.0762581071968,4.799999999999999
13,0.354418158068,-0.453928692932,2.51893363315,-1.13425679954,4.799999999999999
14,0.333380540794,0.496019203042,-0.150270134445,-1.56873957003,4.799999999999999
15,0.120739900541,-2.9906434225,-0.515605540899,0.648631599767,4.799999999999999
16,0.483333001325,-0.209468582311,-1.95111039078,0.595760797016,4.799999999999999
17,0.448884185191,1.72708108812,4.86169110273,0.133175019964,4.799999999999999
18,0.212154589388,-2.56427972482,1.26011975938,1.04767938317,4.799999999999999
19,0.124426137196,2.47793255552,1.47392467392,-2.10461747168,4.799999999999999
20,0.26931055424,0.367697950262,-0.0441893590315,-0.718300272267,4.799999999999999
21,0.80514204184,0.972699570295,-1.50731883747,0.662807736721,4.799999999999999
22,0.146701884679,-0.0542359643499,0.35391926209,0.28924504114,4.799999999999999
23,0.39059145271,-0.564177174979,1.59228634648,-0.104359422421,4.799999999999999
24,0.130390774674,0.86148271373,0.161602222846,-1.13788831227,4.799999999999999
25,0.119365369746,0.526824167056,-0.198710923782,-0.686435234143,4.799999999999999
26,1.16169583266,0.261315367458,0.258041713288,1.39509723438,4.799999999999999
27,0.230569824816,1.99386424962,-1.3170095364,-2.77670027161,4.799999999999999
28,0.193389837541,0.403572833782,-0.836206822778,-1.58270000126,4.799999999999999
29,0.142706393987,-2.24936730637,-0.204448719084,1.0720736075,4.799999999999999
30,0.492598538149,-6.25918408835,-1.06432946786,-2.10041358857,4.799999999999999
31,0.435895848863,-1.54529712591,-0.555249468442,1.12579604553,4.799999999999999
32,0.111398277402,-0.0706655112463,2.59578952692,1.64984622132,4.799999999999999
33,0.585797719145,2.40073967305,1.66994219832,-1.05017447651,4.799999999999999
34,0.128274658698,0.866648779026,2.38229017834,-0.833680146898,4.799999999999999
35,0.718878577769,0.242352632327,-1.33259863036,6.13022471372,4.799999999999999
36,0.252387279137,-2.41903540871,-2.0410012402,1.49848057805,4.799999999999999
37,0.169995316913,1.81945133652,-0.71577322781,-0.132311267949,4.799999999999999
38,0.170566726389,-1.37652520114,-1.5819561582,-0.682642377508,4.799999999999999
39,0.470947980616,1.33936697883,-1.53933934864,-3.64083436746,4.799999999999999
40,0.790010230509,2.20717749809,2.11562555031,0.462809202552,4.799999999999999
41,0.246940613927,0.400055468612,-2.55650932794,0.0110668987264,4.799999999999999
42,3.40123334223,-0.528172999944,0.575307267533,-0.22675398147,4.799999999999999
43,0.620421670337,2.27448849888,0.18482316785,-2.41460633992,4.799999999999999
44,0.607449995392,-1.79282517974,1.3103844831,-1.24950588362,4.799999999999999
45,0.15861953212,0.911913289923,-1.05437765831,-0.836845682852,4.799999999999999
46,0.267744275112,1.91512482932,0.29372181673,-0.085209304892,4.799999999999999
47,0.370471453757,-0.942051444782,1.60898931136,-0.908876054424,4.799999999999999
48,0.69407353042,0.860680612671,-1.61358233005,0.0276395935064,4.799999999999999
49,0.396335512534,2.059009071,-0.0356410551471,-1.45637362234,4.799999999999999
50,0.151257309084,-1.35750832137,-0.46120726851,0.502143573118,4.799999999999999
51,0.103203784911,1.34637921097,0.577142580158,1.65598237316,4.799999999999999
52,0.193778745607,-1.3877909119,-0.123650046924,-1.22510263598,4.799999999999999
53,0.123928017792,0.898251250908,1.21199616516,-3.15993450872,4.799999999999999
54,0.495690805858,3.81355410226,-1.51143510699,2.89350264195,4.799999999999999
55,1.26064467617,0.538976052087,-1.82247014925,-5.34958626398,4.799999999999999
56,1.57578977893,-1.17803641636,-1.92801265196,1.2623472581,4.799999999999999
57,0.387429830044,-0.874685857346,-2.06388079022,-1.72107550623,4.799999999999999
58,0.199615183784,0.00370380281591,-0.396244717013,-1.61222980145,4.799999999999999
59,0.118928932585,0.734567473263,0.0141665590782,-1.63615393943,4.799999999999999
60,0.201449070069,-2.02657586019,-3.12858946962,-2.74089447547,4.799999999999999
61,0.28312369066,0.72397155958,-0.966990795643,-2.02768054826,4.799999999999999
62,0.234834705,-3.00907707679,-1.62219411993,0.330368019116,4.799999999999999
63,0.621422367334,1.8700554718,1.04103687718,-1.52078810017,4.799999999999999
64,0.101282148641,5.27987955522,-2.54896201014,-6.67089763902,4.799999999999999
65,9.90816876055,1.33792023208,-1.33213845538,0.30506816436,4.799999999999999
66,0.110337287064,2.56121478607,1.86069427424,-0.399625435096,4.799999999999999
67,0.127277317661,2.13819174827,3.26400492358,-4.82115611475,4.799999999999999
68,0.114873610358,-1.02249997234,2.68337982095,-1.36103661994,4.799999999999999
69,0.237178939057,1.18432876573,0.342525006477,-0.780227644114,4.799999999999999
70,0.11147712292,1.82407163617,-0.793747088622,-1.19887363476,4.799999999999999
71,0.226437665824,-0.334430670489,-0.70474278845,-0.81760274266,4.799999999999999
72,0.492649157577,2.74883307396,1.61073652302,0.150655570118,4.799999999999999
73,0.228827446103,0.915206669814,-1.09857238131,-0.543931456701,4.799999999999999
74,0.235858867317,-0.782969002417,-2.45698143905,-0.326361201904,4.799999999999999
75,0.125085651434,-3.28790097936,0.224095320329,5.56052263665,4.799999999999999
76,0.611056040702,-1.00150742568,0.60877710276,-1.85307279586,4.799999999999999
77,0.194781548491,0.16693671255,-0.124377767551,-1.15300213864,4.799999999999999
78,10.4439098486,0.924486589378,0.175553092187,-1.85978681662,4.799999999999999
79,0.164996857651,-0.704535476835,-0.297391738099,-0.496940306536,4.799999999999999
80,0.351601562299,-3.84255446431,1.30537615955,-0.361268467669,4.799999999999999
81,0.113215238069,2.163830178,-0.925096069147,-1.11179555725,4.799999999999999
82,0.267849032143,1.38923536135,1.9859298122,-1.17252535271,4.799999999999999
83,0.105382405053,-1.94365200585,1.14979293967,-3.29648672405,4.799999999999999
84,0.824883326499,0.673575965599,1.31380820649,-1.33873984547,4.799999999999999
85,0.182682783865,4.07777571106,-4.07528321752,1.10624597366,4.799999999999999
86,0.24300632041,-1.44142539108,1.45854556448,1.55020259645,4.799999999999999
87,0.555897151981,1.0636319511,-0.129604903533,-1.03358605716,4.799999999999999
88,0.108775631279,1.22152272171,0.339506773231,-0.889040262422,4.799999999999999
89,0.518544665534,0.215372894683,-0.225623144836,-1.54558962657,4.799999999999999
90,0.134030800639,0.676897887242,0.0228909727938,0.662431025314,4.799999999999999
91,0.127871060566,2.87466618321,-4.51816576617,1.06106395383,4.799999999999999
92,0.167310310028,1.57958808606,2.02926562971,-0.36736519172,4.799999999999999
93,0.216834670299,0.0113221894769,-0.499085896044,-0.106125092334,4.799999999999999
94,0.436691907984,0.121274979927,2.82183906058,0.127917211695,4.799999999999999
95,0.599392672104,0.493959052252,1.03095649687,-0.221842386296,4.799999999999999
96,0.199627718414,1.07293266043,1.81580305094,-0.145369420773,4.799999999999999
97,0.180335151962,2.59076326915,0.818732927518,-0.546708488769,4.799999999999999
98,0.614858608515,0.637559956249,-1.48003506715,-0.506136819802,4.799999999999999
99,0.135025898084,-0.420122454844,0.342159403077,-1.12033560135,4.799999999999999
100,0.126245248002,-1.29163613078,-0.159486842243,-0.386386013986,4.799999999999999
101,0.628596357528,-1.04506472336,0.398842061192,-2.78232442202,4.799999999999999
102,0.435254347144,-0.332334584214,0.141004088524,-1.47322251277,4.799999999999999
103,0.20484964981,2.53144085472,2.33662503353,0.415245807363,4.799999999999999
104,0.380733687252,-3.29586509694,0.866976789251,-0.515609456642,4.799999999999999
105,2.19363774291,-1.29592166238,-1.07329994878,-0.808853003145,4.799999999999999
106,0.328689123851,2.01600848039,0.186648817789,-0.880063503042,4.799999999999999
107,1.37347937807,0.0483244451732,0.0632673486599,-0.859862751461,4.799999999999999
108,0.321748963558,-0.444096155973,0.0679265843213,-0.419559453067,4.799999999999999
109,0.190141978995,-3.58514287717,1.58887698984,-1.50584213467,4.799999999999999
110,0.119328406061,0.108662261965,-0.928500619541,-1.47330494943,4.799999999999999
111,0.168280149013,-3.72043337279,0.444640650209,-0.0881550008215,4.799999999999999
112,0.476952889114,0.647296464416,0.95355224371,-0.165813620185,4.799999999999999
113,0.177682517437,0.600115619985,0.99474503752,-0.854476990479,4.799999999999999
114,0.808894299836,1.82444026962,-0.405517138682,-2.17687838225,4.799999999999999
115,0.128476695646,0.975555516077,-0.214496209773,-2.25970529778,4.799999999999999
116,0.481070526715,-0.579199952731,-0.0117326154612,-1.75561775116,4.799999999999999
117,0.284624699278,-3.48395780391,-1.16717365571,-1.38164025277,4.799999999999999
118,0.197922125131,2.57230838661,-2.09101404332,-1.10170722656,4.799999999999999
119,0.16843755538,-0.613192637916,0.580032168382,-4.09957637828,4.799999999999999
120,0.9201326878,0.304211478031,-0.987336414298,-3.74445744393,4.799999999999999
121,0.287225373246,-1.65410912801,-2.40295640819,1.50293098542,4.799999999999999
122,0.110924812658,2.5732154902,2.11283178195,4.52349802613,4.799999999999999
123,0.397942301586,0.500610040461,1.38894153047,-1.75647052868,4.799999999999999
124,0.434312869822,1.90160935346,-0.458389614968,-2.06368675167,4.799999999999999
125,2.05346094533,0.569889872532,1.97175298966,-2.16972519133,4.799999999999999
126,0.11158984743,-3.49186116485,-0.453250127222,0.575833150222,4.799999999999999
127,0.207267177943,-2.2639949192,0.250334941447,-0.00521092986198,4.799999999999999
128,0.229902105325,-0.647646288136,-1.60567570526,-1.35559298115,4.799999999999999
129,0.181158435382,2.14854763224,0.561331531997,2.85813361649,4.799999999999999
130,0.184841549554,-1.10086684018,-1.48960548303,-0.485217077242,4.799999999999999
131,0.393165486395,-0.00444132905893,-0.190903846403,-1.194860162,4.799999999999999
132,0.453349848962,3.07659516822,-3.32628009818,-1.81009497536,4.799999999999999
133,0.305577408603,-1.32611246349,-1.8702141874,2.77346013177,4.799999999999999
134,0.9353933083,1.41692456267,1.04313481633,-3.47749021687,4.799999999999999
135,15.3439795152,0.383204290046,-0.156689406129,-1.32463207128,4.799999999999999
136,0.692022082648,-2.00005153785,1.43178647156,-0.692196598891,4.799999999999999
137,0.366597927605,0.850779781799,0.542825459065,-1.26160194563,4.799999999999999
138,0.18647409083,-1.44774493912,1.9002480517,-2.7426398085,4.799999999999999
139,0.11420616113,0.595897944061,1.25435482427,-2.52080083594,4.799999999999999
140,0.215397819369,-0.249965955683,-1.72576030879,-2.57549866728,4.799999999999999
141,0.460877747604,4.25983625945,-1.81672540677,-0.784514035806,4.799999999999999
142,0.227605249623,-0.0548905638576,-1.1034273435,-3.11875907248,4.799999999999999
143,0.159018365339,-0.835992507176,-1.33350898132,-0.748014131085,4.799999999999999
144,0.135818445294,-1.63112982992,0.199050995658,0.194615078288,4.799999999999999
145,0.310173533349,-0.0413095504464,0.615249812719,-1.66810265578,4.799999999999999
146,0.334146341351,1.43550766001,-1.77505470575,-4.09103206317,4.799999999999999
147,0.324561032155,0.0753669886021,0.250545865243,-2.08314717345,4.799999999999999
148,0.154172307564,-2.31844541829,-1.31097197075,1.09287447155,4.799999999999999
149,0.320398246699,-0.122079887531,0.335591900454,-0.53653172499,4.799999999999999
150,1.85706650163,3.82211402097,-2.94925208362,3.98984411,4.799999999999999
151,0.100382576087,0.220010167473,-1.26682983236,-2.25960481622,4.799999999999999
152,0.154773476611,1.74258207343,0.791455045801,-1.56613087489,4.799999999999999
153,0.32705345586,2.34898880315,-1.59261652827,-0.951947491781,4.799999999999999
154,0.655095462506,-0.337796400021,-2.97269997593,2.96136761285,4.799999999999999
155,2.99171941532,1.71770355907,0.780014358765,-1.72514198687,4.799999999999999
156,0.167825023933,3.87539013011,-0.955392840422,-1.2083116054,4.799999999999999
157,0.211777211444,0.860114793491,1.85641537071,-1.51420839144,4.799999999999999
158,0.284279901933,0.200413108637,0.5162933223,-0.465251078343,4.799999999999999
159,0.391200454407,-0.884472337193,0.240596541979,-0.198844265025,4.799999999999999
160,0.1338723608,-0.122666909923,0.471856257582,0.0257326034085,4.799999999999999
161,1.11812956257,-0.480943025482,-0.0594962820532,-0.833416384741,4.799999999999999
162,0.225787057216,-0.222604109096,-0.775980601803,-1.11866170374,4.799999999999999
163,0.923473964839,-2.46307371472,-2.09496975717,-1.55664376207,4.799999999999999
164,0.912991049426,0.548881354533,-0.124768701073,-2.57860110761,4.799999999999999
165,0.283181041099,0.405851894993,0.00069145135812,-0.829244543108,4.799999999999999
166,0.296869960004,-0.401179316355,-0.0572522633955,0.571286196344,4.799999999999999
167,0.343209755495,-0.881019796071,-1.26943061064,0.414759864081,4.799999999999999
168,0.100077379957,-0.675316984836,-0.192927003828,-1.15692671958,4.799999999999999
169,0.816131582019,-0.707171153028,0.316081710752,-1.11450502458,4.799999999999999
170,0.476883632381,0.736199801382,0.560249149295,-0.173239909792,4.799999999999999
171,0.27649351668,0.838840659243,-0.589279252264,-1.83626216531,4.799999999999999
172,2.23694158719,3.73210664165,-1.69190846514,-0.235162103759,4.799999999999999
173,0.614103969267,-0.460088191759,-3.81999940942,-0.675373560265,4.799999999999999
174,0.521137041535,-2.11658124311,-2.69515747401,-2.07715942574,4.799999999999999
175,0.128982673195,0.675254985653,0.4010666644,0.258461419274,4.799999999999999
176,0.170855458479,-1.97901168456,-3.99468089972,-0.586178152674,4.799999999999999
177,0.115180118054,1.47050101098,-0.489422369268,0.118840216299,4.799999999999999
178,0.383849372127,0.813210604261,-3.56537444514,-5.36470205471,4.799999999999999
179,0.375308477402,0.308569720251,1.84631931833,-1.41523182963,4.799999999999999
180,0.170056627102,-1.69779336683,-0.098550631909,-0.464788472071,4.799999999999999
181,1.45079231457,-1.32609092724,-0.378789409644,0.282400918175,4.799999999999999
182,0.217868410962,0.27702212445,-0.732638791543,-1.27110437813,4.799999999999999
183,0.408279673474,2.41041783922,0.412439765258,-1.9097494245,4.799999999999999
184,0.202617350997,0.588545920326,-1.85458744428,0.00803699182082,4.799999999999999
185,0.199322464554,2.22779935697,1.66526287136,-0.766413216331,4.799999999999999
186,0.934827812484,-0.336162914227,-0.516809178493,-1.20307216178,4.799999999999999
187,0.358417594093,2.64319941588,-2.97468150636,1.22821492707,4.799999999999999
188,0.124191068639,1.23753963496,-0.0855535744324,-1.07399474938,4.799999999999999
189,0.1171093173,-0.426302668717,0.354933363169,-0.682172154603,4.799999999999999
190,0.336844587745,-1.13803139983,-0.610825460772,-1.09250124111,4.799999999999999
191,0.356557917553,0.807719220401,-0.31427975589,-1.74599929127,4.799999999999999
192,0.632944938546,0.118074605709,-0.130171852223,-0.762464054813,4.799999999999999
193,0.27091051929,-0.259812880953,-0.0167121228344,-1.15819323522,4.799999999999999
194,0.96894853111,-4.08004922431,1.04698192041,0.89553065954,4.799999999999999
195,0.765543640402,0.74476387525,2.45566169902,-1.19576652701,4.799999999999999
196,0.117018012463,1.46834672305,-0.120127268448,0.0633654197511,4.799999999999999
197,0.11869452601,-1.55852602423,-0.374406259147,3.18839333864,4.799999999999999
198,0.137965338948,0.304752214684,-0.168270951532,-1.90550291949,4.799999999999999
199,2.3002808356,1.61997661064,-1.01165702013,-0.252712678823,4.799999999999999
200,0.632976599737,-4.82230281026,0.213593438336,-4.30835122412,4.799999999999999
201,2.85377748293,-0.154204326007,0.70725804763,-0.103837255318,4.799999999999999
202,0.365754297353,1.5752546654,-3.8348590023,4.26756380484,4.799999999999999
203,0.135411445691,0.222847731792,1.33044412875,0.143907068249,4.799999999999999
204,0.170780545065,0.429820528521,0.829276090555,-0.844707902565,4.799999999999999
205,0.151754611613,0.0276060767987,-0.570986159155,-0.22820163108,4.799999999999999
206,0.157531597234,0.128980174881,-1.10480815565,1.31283125091,4.799999999999999
207,0.240964382221,2.329393764,-0.394263634105,-2.34785052298,4.799999999999999
208,2.85845916502,-0.125864481074,0.0260506305929,-0.476149412642,4.799999999999999
209,1.70851524453,-0.0565405679698,-1.08402989367,-1.85007885221,4.799999999999999
210,0.221770423932,-1.1644851057,3.25567521023,1.30922584276,4.799999999999999
211,0.833119338326,-4.21258960241,-1.94015291309,1.1896940663,4.799999999999999
212,0.299644848746,-1.30793663101,-3.11207152745,-2.18634603582,4.799999999999999
213,0.115880553401,3.99623461761,3.61380515266,4.53206644015,4.799999999999999
214,0.346676591598,1.72817426527,-2.41302667314,2.04825619328,4.799999999999999
215,0.229446623793,0.992744482619,-0.828802223176,2.92289552767,4.799999999999999
216,0.214005584707,-0.615160933603,-0.86722381151,-0.467554715951,4.799999999999999
217,1.22590795638,-0.538613939949,2.08332255786,1.34014310342,4.799999999999999
218,0.228646769405,0.187799858922,-0.29732720523,-1.30289555745,4.799999999999999
219,0.302414695949,-2.18234027618,-0.930464262762,0.667578543047,4.799999999999999
220,0.147917997205,2.04421200087,1.41918281259,-2.5913972832,4.799999999999999
221,0.164153210413,0.465867704009,1.01434847135,3.05148651578,4.799999999999999
222,0.113507088996,-2.32391326373,-2.52583612842,0.498154119216,4.799999999999999
223,0.146665680333,-0.155337791743,0.371860554365,-0.170844516937,4.799999999999999
224,0.814846017947,2.79598473163,0.0138154278582,2.59494558258,4.799999999999999
225,0.218194940644,-0.527639708228,-3.43959815679,-2.67590966849,4.799999999999999
226,0.124735707402,0.452466158962,1.67558880865,-3.49672532381,4.799999999999999
227,0.113817154517,-5.07112506182,-2.71293996361,2.22447594615,4.799999999999999
228,0.308971365463,-1.50529579469,-0.362126884683,0.0795897454677,4.799999999999999
229,0.144634523787,0.247735037768,-1.13666804633,-0.978901754949,4.799999999999999
230,0.719505328049,-0.963419741019,-5.60154788007,-1.62850036159,4.799999999999999
231,0.268190907064,2.46420956964,-1.58704753128,-2.83949005281,4.799999999999999
232,2.04527879195,1.13083282491,-0.148383161599,-0.971196503924,4.799999999999999
233,0.135507163636,1.68344464949,3.87433623565,0.00174146901573,4.799999999999999
234,0.131443117527,0.608127443431,-3.43525345242,0.421247575137,4.799999999999999
235,0.308878652258,0.380236536282,0.730506392712,0.731639627188,4.799999999999999
236,5.8898441778,0.974929337841,1.03052646433,-0.745845525236,4.799999999999999
237,0.172266060745,1.03081039848,-0.0304964793891,-1.56437909146,4.799999999999999
238,0.253581040598,0.228235851542,-0.568935464494,0.950949828611,4.799999999999999
239,4.67327263412,-1.13419296395,-1.68405231455,-2.15459783426,4.799999999999999
240,0.635518266965,0.177604586754,-0.0827656532854,-1.12463479,4.799999999999999
241,3.07522001891,-0.15037425967,-1.14516757754,-3.49382824219,4.799999999999999
242,0.352358888369,0.11931624705,-0.212841947945,-0.766758733279,4.799999999999999
243,0.186432970113,2.88360740874,-1.72041963412,1.08770426763,4.799999999999999
244,0.223748559553,-0.270704823531,-0.128520161221,-1.61605671954,4.799999999999999
245,0.113809333617,0.836940061717,4.18879550547,-1.5212348858,4.799999999999999
246,0.617041563099,-2.36772022499,-1.38504320195,-5.59918367846,4.799999999999999
247,0.403413097198,2.1327531721,-3.22577628288,-4.21234826702,4.799999999999999
248,0.138437348012,-1.3982612239,-0.910509612432,-2.56888241523,4.799999999999999
249,0.299360494311,0.126836643051,-0.307247370077,-1.78832932635,4.799999999999999
250,0.121667840443,1.19456343481,-1.39419995083,-0.821029893513,4.799999999999999
251,0.387844556867,0.69291144588,0.568230382635,-0.430499385365,4.799999999999999
252,0.107092046289,-0.843984702315,0.0297320775083,-0.622019850002,4.799999999999999
253,0.107681835484,0.0424609319465,-0.0888956440593,-1.93286570627,4.799999999999999
254,0.275219866077,0.181256297704,-0.33486233024,-0.835806462969,4.799999999999999
255,0.115295897989,-4.35881991389,-1.98133420144,-5.48699540878,4.799999999999999
256,0.165606904123,1.36984002809,-0.59135010096,-1.73834994244,4.799999999999999
257,0.488270660734,-0.0492950921833,2.04501568505,1.43857582014,4.799999999999999
258,0.24766440399,5.61300218443,-0.587957098304,1.61751489649,4.799999999999999
259,0.139058717486,1.44265503094,0.219670817604,-1.29619222402,4.799999999999999
260,1.03249414056,0.388638444344,-1.17199753996,-1.16274179413,4.799999999999999
261,0.103537429436,0.0575778201188,-0.916380810375,-1.85357550977,4.799999999999999
262,0.353673110076,-0.868093943929,-1.11750702713,-1.57560485018,4.799999999999999
263,0.195384640285,-1.61783697239,-0.0663220137904,-0.100781903088,4.799999999999999
264,0.399446408766,3.39834633929,-1.66940969327,1.12508737088,4.799999999999999
265,1.08102671991,1.90965891836,0.65857621733,-1.08969098946,4.799999999999999
266,0.262154410129,0.730654922375,-0.210980575268,-0.619712696899,4.799999999999999
267,0.187234898801,3.48361922683,-0.721930215014,-0.338797252082,4.799999999999999
268,0.770594945449,-1.69985013287,1.9377599311,3.11115017193,4.799999999999999
269,0.190997959978,0.190715714873,0.170439305016,-0.784159800537,4.799999999999999
270,0.317829402649,-2.55188548013,-1.27334992045,1.34184382949,4.799999999999999
271,0.16963991512,-1.00116205375,1.57134522227,-1.27040316361,4.799999999999999
272,0.123421158008,-6.23894802824,-2.61647329047,0.475746500569,4.799999999999999
273,0.12671399418,1.07589530961,-0.24775617375,-2.33978091516,4.799999999999999
274,0.253255360887,-0.670073278699,0.51797446094,-2.2705881791,4.799999999999999
275,0.108030080994,0.332459412093,0.760181562408,-1.92175268912,4.799999999999999
276,2.47632460574,0.105675767423,0.895796877789,-1.22272934901,4.799999999999999
277,2.22310828388,-0.164767720552,-1.14750705508,0.115083439414,4.799999999999999
278,0.342521189475,2.22395942611,0.737463452491,-2.64302104034,4.799999999999999
279,0.171403728993,-0.570508013682,0.679625724488,-1.69421800682,4.799999999999999
280,0.101558238276,1.45357388748,-0.432646133555,-2.43295337341,4.799999999999999
281,0.370030755305,-0.128192531703,1.46928224519,-1.26016195018,4.799999999999999
282,0.370098866927,1.04000456994,0.8147574481,-0.00190018433326,4.799999999999999
283,0.591353735599,-2.87892362966,3.9466151831,-2.1974815805,4.799999999999999
284,0.31086875948,0.63656643912,-3.54895118481,-3.22048122486,4.799999999999999
285,0.180293829788,-0.106918577966,-3.17551618925,-1.95791615875,4.799999999999999
286,0.329309690982,-1.24901185454,-2.90758132873,1.39175865445,4.799999999999999
287,1.57644543455,-1.81514701497,-0.410092549868,-0.3005778248,4.799999999999999
288,0.407307501505,-3.8139170961,-1.03009195694,-1.11670373755,4.799999999999999
289,0.523135088271,1.1818832502,0.39619459993,-1.34375803397,4.799999999999999
290,0.222373719496,-0.172008883539,0.962359109807,0.0694743870105,4.799999999999999
291,0.199810451242,-0.344073831698,-0.602526273624,-1.3348883664,4.799999999999999
292,0.624883045158,-2.70485378309,1.24058371204,-2.40644573701,4.799999999999999
293,0.210843950353,0.755990399724,-1.0299963583,-1.7390323962,4.799999999999999
294,0.514749061549,0.0604551184555,2.04854960969,-0.846266251444,4.799999999999999
295,1.13237841729,-0.957029093283,1.41035460763,1.20568111898,4.799999999999999
296,0.172540889929,-2.3021867487,-2.26986636693,3.91475317052,4.799999999999999
297,0.735602390059,0.844146611811,0.804398151565,-1.40389349551,4.799999999999999
298,0.23692238419,2.59509670231,2.76326551696,1.91964588718,4.799999999999999
299,0.202664707099,-0.451397443742,0.478634426527,-1.40211665869,4.799999999999999
300,0.161811699847,-0.0592975103709,-1.32182154266,-0.931031596636,4.799999999999999
301,0.149896420645,0.157483380776,-1.30398982389,-2.22554513915,4.799999999999999
302,0.213511456122,1.89645217971,0.169738725198,-3.72137901349,4.799999999999999
303,0.137541405378,-0.92567739772,-1.1084061174,-1.07829464723,4.799999999999999
304,0.19699111631,-1.55917932633,0.737940024728,-0.721929781405,4.799999999999999
305,1.85715326396,0.80439098038,-0.348815720869,-1.2175336763,4.799999999999999
306,0.159306263113,1.82579469267,0.702484822485,-0.743944096686,4.799999999999999
307,0.28886000299,2.3983968157,-0.905133879489,-3.33875352584,4.799999999999999
308,0.327104154292,-4.39446302829,-0.776716986178,-1.61603581535,4.799999999999999
309,0.142879900731,-0.0705129925196,-0.577177408799,0.333443590953,4.799999999999999
310,0.635247688581,1.35482266945,-0.104538418734,-0.326459998732,4.799999999999999
311,0.109717392724,1.83150452193,-0.0350873495119,-4.78394272388,4.799999999999999
312,0.333165864017,-0.193469449651,-0.677571327743,-1.20709072882,4.799999999999999
313,0.167133808998,-2.35279987044,-2.44054192421,3.06756997755,4.799999999999999
314,0.717544329335,1.5326146816,0.783554372134,-2.68989666774,4.799999999999999
315,0.736681222002,-4.07516731044,-3.04181178688,5.247747285,4.799999999999999
316,0.148778120751,0.170629097343,1.01891154068,-0.948977414513,4.799999999999999
317,0.113251518837,1.54461988822,-1.81451789201,-1.76207931932,4.799999999999999
318,0.413288094574,0.0835001977518,-2.6800561485,0.546333950534,4.799999999999999
319,0.546411726403,2.07937441649,-0.511722434782,-1.33303861998,4.799999999999999
320,0.671949912962,-0.716154854389,0.30562183243,-1.6938399031,4.799999999999999
321,0.159157991416,-0.437099998641,0.144390878545,0.155593664831,4.799999999999999
322,0.488680574646,3.69056714563,0.535633966962,-1.27413468154,4.799999999999999
323,0.20954709664,0.171069414366,-0.248286561157,-3.27310842059,4.799999999999999
324,0.339886151802,3.40614879216,3.73204630834,1.32623843092,4.799999999999999
325,3.23578379769,-0.54940140748,-0.00510632426304,-0.974467773932,4.799999999999999
326,0.268515136997,-1.67486106785,0.772806912115,-1.34115908135,4.799999999999999
327,0.4672387062,-0.482700158775,-1.50158255306,1.64320813008,4.799999999999999
328,0.104728008054,0.891891860592,0.922700809931,-0.476323578468,4.799999999999999
329,0.287460805535,-1.071388832,2.66505266492,-0.65592981491,4.799999999999999
330,3.20184677109,-1.77232821239,-3.64740062314,0.828232013385,4.799999999999999
331,0.292066550779,-1.69401491873,0.821503519793,-0.532787439583,4.799999999999999
332,0.106131865374,1.57754522321,1.32076303999,-3.94755007912,4.799999999999999
333,0.27171851762,0.476407371982,1.18905965418,-0.963644198971,4.799999999999999
334,0.358939263738,1.22785381828,-0.180243277525,-2.09406040248,4.799999999999999
335,0.524761198734,-5.84128790862,-1.51805668475,-0.160808812272,4.799999999999999
336,0.246670169222,-1.82045012772,-0.984185960775,1.04882862665,4.799999999999999
337,0.191874252046,0.925799658636,-0.587090276456,-1.26352888671,4.799999999999999
338,3.32369238226,1.07411401538,0.544741322153,-1.61348047014,4.799999999999999
339,0.164900069588,-0.167540555417,-1.54311559082,-1.36153483962,4.799999999999999
340,0.123380598769,0.45830192649,-0.933841480402,-1.55170658092,4.799999999999999
341,0.131340417397,3.59127536942,2.44188934381,2.74310832975,4.799999999999999
342,0.112646725411,-0.0908632128299,0.396112328724,-0.323127103871,4.799999999999999
343,0.153071552729,-1.4841555515,-3.37743261771,3.47062754909,4.799999999999999
344,0.439641126602,0.379866820807,-2.8554983617,0.363500038815,4.799999999999999
345,0.149099460661,-2.38485043794,-2.28734362229,0.524162179771,4.799999999999999
346,0.367182162481,-2.93072327523,-3.05514122987,3.79038065463,4.799999999999999
347,0.284070512074,-0.745741946181,-0.931323880532,-1.32205094802,4.799999999999999
348,0.431378865344,-0.969934000742,-2.73008969357,-2.78569211037,4.799999999999999
349,0.126044372758,-4.64551974732,3.20569868713,-3.16916900559,4.799999999999999
350,0.492580991821,0.0173878187773,-2.92612830603,-5.94121064289,4.799999999999999
351,0.695759095855,-2.28152493009,-0.39153012329,-1.09057465148,4.799999999999999
352,0.236726746581,0.0243059829302,-2.89404498887,-0.496960388085,4.799999999999999
353,0.143910435385,1.86351734897,-1.50719428162,-2.56272670636,4.799999999999999
354,0.20074596728,1.97164401822,1.44080100668,-1.52274919783,4.799999999999999
355,0.299201500461,-0.319153950669,0.190212960592,-0.173156516843,4.799999999999999
356,0.558438525885,-0.674830714493,0.4740614234,3.24118584933,4.799999999999999
357,0.115709681841,-0.701910293918,-1.46229456623,-2.33622096056,4.799999999999999
358,0.164857542878,1.00246926708,1.26727408258,-0.240648267597,4.799999999999999
359,0.162969269356,-2.32979101139,-1.0690765052,0.57754573632,4.799999999999999
360,7.02722497839,1.64838805281,-0.932920537416,-1.52959761256,4.799999999999999
361,4.54531137001,1.25596106769,-0.775500150705,-0.426277053693,4.799999999999999
362,2.34356789046,0.433092871661,-0.168953879409,-3.29521979517,4.799999999999999
363,0.823234686518,1.30305265918,-1.50837140716,-1.42578359538,4.799999999999999
364,0.416436776694,1.01776835534,-0.863994776718,-2.28222298804,4.799999999999999
365,0.356768664939,0.700347748052,0.268927765012,-2.0120419857,4.799999999999999
366,0.106616152434,4.62034433104,-0.290646272839,-2.99177284819,4.799999999999999
367,0.312861710529,2.398189203,-2.74334678637,-3.56059302057,4.799999999999999
368,0.673105391635,-3.6486006499,2.01984658582,-0.363987753204,4.799999999999999
369,0.119845851465,-2.43063103685,-1.79767710192,0.0653324208801,4.799999999999999
370,0.157499165043,1.36538119677,-1.56191374115,-0.12090993953,4.799999999999999
371,0.123278169473,-0.141112261724,1.24139189011,-0.269460706544,4.799999999999999
372,0.135002162167,-2.98368769713,-1.55922606819,2.285425954,4.799999999999999
373,0.218848951844,-0.293120994423,0.516793002626,-0.272588457387,4.799999999999999
374,0.381116485221,-5.1397930122,-5.01558721443,-0.817336319391,4.799999999999999
375,0.1592772743,-0.983305381977,-2.39781663317,2.78392988279,4.799999999999999
376,0.398860931187,1.00411783946,-3.59755829219,-0.434328984109,4.799999999999999
377,0.566552255379,1.11054022913,-0.561636987183,-1.01264583176,4.799999999999999
378,0.147117235253,0.229734567095,5.13792499283,-3.90278642243,4.799999999999999
379,0.804560068054,0.277545873097,-1.16095380125,-0.373806237637,4.799999999999999
380,0.142065424846,2.97359749417,3.14406528292,0.660295181206,4.799999999999999
381,0.144457886547,0.32500875518,1.01683853075,-0.415450750442,4.799999999999999
382,0.799310505917,2.5695785838,-0.129025504045,-1.22584777692,4.799999999999999
383,0.273013166873,0.657188266866,-1.36601228636,-2.047143053,4.799999999999999
384,0.113390490669,-1.41631854788,-1.5743926338,2.00741838096,4.799999999999999
385,3.12807337555,-1.44131985341,-0.26717822501,1.64665602339,4.799999999999999
386,0.413233664283,2.12476677481,-0.271993796958,-3.27911531827,4.799999999999999
387,0.150754309901,1.24234865145,-0.476225038996,-2.17103187524,4.799999999999999
388,0.507113469241,0.441386985942,-0.232557107848,-0.58035626206,4.799999999999999
389,0.113911433885,-0.393943624657,-0.179743038559,-1.26070188715,4.799999999999999
390,0.180865043034,-1.60061845884,0.23084392612,0.346083237104,4.799999999999999
391,0.535367638035,0.688380191605,-1.33259605891,2.50406008824,4.799999999999999
392,0.26077765939,-1.29093728476,-1.77024205104,0.0754920534514,4.799999999999999
393,0.346064546332,1.08293808294,2.63188933064,-2.87928222074,4.799999999999999
394,0.351067794475,-0.456668392812,-0.0718572209141,-1.0208933205,4.799999999999999
395,0.504516194053,-2.49068427525,-1.20223198634,0.743663441712,4.799999999999999
396,1.07244679321,-1.11230301472,-2.86126893807,5.31500965962,4.799999999999999
397,3.1639812342,0.270768975551,-0.476347244956,-1.0355181235,4.799999999999999
398,3.10633012424,-0.163047058848,-3.91034433626,-3.00099425726,4.799999999999999
399,0.128145441145,0.720369729388,0.330780600596,-0.274267029109,4.799999999999999
400,0.147814987768,1.90452304228,-0.931734707736,3.30662863301,4.799999999999999
401,0.484725638818,-1.93632151532,2.34206204039,1.41029028073,4.799999999999999
402,0.868957195453,0.580955410954,-1.39378057734,1.95303043586,4.799999999999999
403,0.291520161237,-1.10172204331,0.251610608072,-1.58383568566,4.799999999999999
404,0.209879340274,0.815872100773,0.943523924635,-1.56125709538,4.799999999999999
405,0.119426563649,0.554420010658,1.82077306771,-0.84370799039,4.799999999999999
406,0.234079031678,-0.439389838412,-0.83770655565,-0.809614693023,4.799999999999999
407,0.490882942991,3.37204273746,-2.5231240854,-1.25529875899,4.799999999999999
408,0.581252029198,2.56271872299,-0.102658319197,-2.21044438476,4.799999999999999
409,0.295347383778,1.34125720129,-0.757978848272,-0.463236534476,4.799999999999999
410,0.124718158206,-3.68086318385,-0.900144692787,-1.41359412811,4.799999999999999
411,0.236825642044,0.191059900826,0.0713994792336,-1.35612787177,4.799999999999999
412,0.325578853973,1.01389130956,-0.343166210138,-0.433095986485,4.799999999999999
413,0.152248431061,-0.892303132768,-2.59986885513,2.44769954166,4.799999999999999
414,0.121625013132,-1.11629831946,-1.61976660352,-0.188613066525,4.799999999999999
415,0.159210264989,0.284419116931,-0.341036841934,-0.147793485159,4.799999999999999
416,0.165888030329,0.796306032512,0.0798982712716,-0.937150929926,4.799999999999999
417,0.427950437027,1.13925082462,-0.22101346454,1.57871902712,4.799999999999999
418,0.278626243244,-1.39003745941,1.51333541462,-0.748789868564,4.799999999999999
419,0.209399403232,1.57785431024,-0.995631028414,-1.52271551499,4.799999999999999
420,0.132108102377,-0.156808542144,0.941823703365,-1.07563709643,4.799999999999999
421,0.12003551527,-0.765326621875,-2.16817047467,-2.72268691667,4.799999999999999
422,0.694542051676,-3.75722508064,-2.49380112143,-2.23602769249,4.799999999999999
423,0.271002977783,0.675439936344,-0.629343067858,-1.20298895162,4.799999999999999
424,0.288222277431,0.399691799104,-0.829661667925,-1.65093368184,4.799999999999999
425,0.259496384984,-2.76554092938,-0.74811692295,1.22219071789,4.799999999999999
426,0.44598857848,-0.83408543907,-2.22323365939,-3.2198267368,4.799999999999999
427,0.137071606871,-2.49883802056,-2.33985798812,-1.61897902376,4.799999999999999
428,0.185878733409,-1.16021100027,-0.161711655067,-1.03152533686,4.799999999999999
429,1.308262866,-0.750115840855,-1.84787202318,0.396640168993,4.799999999999999
430,0.178721360688,1.18710544266,-0.753085507019,-0.899962708271,4.799999999999999
431,0.220111815562,-2.21019268008,-3.99745492716,-2.29199890514,4.799999999999999
432,0.679419551844,4.63252463236,-1.60614802231,-1.74417160075,4.799999999999999
433,0.314017922082,-1.05928029392,2.1453908515,3.08257398689,4.799999999999999
434,0.364575797767,-2.03476688047,-0.199925461144,2.20841012714,4.799999999999999
435,14.9806544533,-2.02129575228,-0.74378851274,0.351005887743,4.799999999999999
436,0.187976502153,2.05586803653,1.69194536154,-5.07587959491,4.799999999999999
437,4.52091739666,-1.21806790188,-2.56094200726,1.09449842545,4.799999999999999
438,1.07948438471,0.58538642469,-1.48044619759,-1.37974325258,4.799999999999999
439,0.459148240975,-1.74937564432,-1.81020556058,-1.44779052428,4.799999999999999
440,3.68334826387,0.459252706695,-1.34216259089,-1.16043879765,4.799999999999999
441,0.187106520915,1.17232068717,-0.811419613871,-0.977984098883,4.799999999999999
442,0.564857062166,-0.415873327417,0.919232916635,-0.111297320146,4.799999999999999
443,1.34501583869,1.14956949023,0.463028788603,-1.75825928868,4.799999999999999
444,0.136890890603,1.70268964006,1.47285435116,-0.484088508464,4.799999999999999
445,0.208022177655,-0.00328693712609,0.507463831243,-2.01556136986,4.799999999999999
446,0.402467680445,-0.556171592596,-0.0151100284921,-0.520692309262,4.799999999999999
447,0.208410679369,-3.69512886639,2.86142463943,1.99009192705,4.799999999999999
448,0.246350022363,0.445262271812,0.317451905892,-1.20531129405,4.799999999999999
449,2.14419182957,0.720707476466,-1.54274691278,0.57081466114,4.799999999999999
450,0.201031904333,-0.998083995795,-0.509798695813,-0.67774002567,4.799999999999999
451,0.104057967351,-0.750281675741,5.30562964251,-0.0955437074563,4.799999999999999
452,0.115776920667,0.271479189652,-0.336781301008,-1.49601933707,4.799999999999999
453,0.302236807005,0.071507380046,-0.285546725419,-0.513238883924,4.799999999999999
454,1.30869608993,1.91787780988,4.30654871595,-0.0600581206255,4.799999999999999
455,0.517286625219,1.04597006275,-0.823869238483,-1.07743404034,4.799999999999999
456,0.723727661819,0.0784918479225,1.58226020608,-1.01774293399,4.799999999999999
457,0.391067645914,-1.45491194982,0.048123195194,-1.03076660483,4.799999999999999
458,0.284045561896,1.0998356594,-1.08957712611,-1.24237501426,4.799999999999999
459,0.308029525297,4.94991784895,0.370986968409,3.98708904549,4.799999999999999
460,0.321568525476,2.91744955245,0.419405224805,-3.63254215695,4.799999999999999
461,0.542325619463,-0.143874303232,0.915510586546,-1.24306583082,4.799999999999999
462,0.356203054258,2.58601195142,2.53217729629,-1.66427790407,4.799999999999999
463,0.250394675478,0.821904020606,0.134842040626,-0.794846041265,4.799999999999999
464,0.772679894908,0.576534038,-0.00308162402391,-1.13692922229,4.799999999999999
465,0.248556346898,-0.631385774478,0.92746330828,-0.278471940449,4.799999999999999
466,0.512367583072,-1.07060374774,-0.598489693119,-1.4470190219,4.799999999999999
467,20.7537179872,0.538020489756,-0.641562423099,-1.20880674588,4.799999999999999
468,0.410828582758,-6.06334387366,4.09226114883,-2.90684656021,4.799999999999999
469,0.165096761378,0.155431695719,-2.23094304421,2.72922210481,4.799999999999999
470,0.183643222184,1.82034690966,1.78810505002,-0.370386973215,4.799999999999999
471,0.326129326295,-3.39085802959,-0.662981075167,-4.08792021716,4.799999999999999
472,1.04856336015,0.460014527003,1.20960965406,-0.798178483385,4.799999999999999
473,0.189774350171,0.626609234321,-0.721690202585,-1.29892937132,4.799999999999999
474,1.25533473645,0.481421923762,-0.686515434016,-1.13705214882,4.799999999999999
475,0.101520394002,-3.47106233836,-0.632123436157,1.75670510375,4.799999999999999
476,5.17707398813,-0.622652292757,-1.11886848137,-1.31574100212,4.799999999999999
477,0.114355614222,-0.426318978227,-0.788011578506,-0.819088493803,4.799999999999999
478,0.271816894806,1.62446228867,-0.240603967364,-1.76156409095,4.799999999999999
479,0.113069623265,2.69103830079,-0.202398626763,-2.45415626472,4.799999999999999
480,0.142768272587,-1.70608414158,-0.973710800133,1.36117539576,4.799999999999999
481,0.268346891827,1.58772457594,-0.411916246139,2.16948607287,4.799999999999999
482,0.256851185159,-1.08916594349,-0.576867606706,-0.158713896472,4.799999999999999
483,0.474031647305,-0.823491460915,-0.737077537986,-1.65435767195,4.799999999999999
484,0.127393151875,-0.394405399111,-0.491822979965,-1.55922741331,4.799999999999999
485,0.413112244867,-0.136323943586,0.712618490646,-1.88185681632,4.799999999999999
486,0.115256266342,-0.459855926593,0.518203253254,0.3921246807,4.799999999999999
487,0.161504839117,-2.10498210027,0.807061482606,1.08760437814,4.799999999999999
488,0.24493924227,2.18853263255,-1.8106171989,0.107216929669,4.799999999999999
489,0.302502104493,0.0172827628825,1.23057349607,-2.31316775612,4.799999999999999
490,0.970668091688,0.232834896525,-1.37157400552,-4.35529628122,4.799999999999999
491,0.778807126717,-2.20383121038,-0.65013439005,0.0483883523202,4.799999999999999
492,0.211653596912,2.31205923285,-2.70790908005,0.0757797740822,4.799999999999999
493,0.968999689761,0.0924621481082,0.497042283163,-0.559128209795,4.799999999999999
494,0.185179036192,-1.50413697365,-1.21715913806,-1.61675695145,4.799999999999999
495,0.173403414203,-1.67931682127,-0.0281477720056,-3.36412746969,4.799999999999999
496,0.379056734894,1.63475461255,0.545727720686,-1.05754423483,4.799999999999999
497,0.140353213239,0.464817651936,-0.312456119809,-1.58821575551,4.799999999999999
498,0.626635133639,0.813723764545,-3.4120258083,-2.21059476449,4.799999999999999
499,0.322134650669,-2.64968558033,-1.62818169205,0.293987737263,4.799999999999999
500,0.402752684632,-1.73216800197,-0.722269964331,0.287750539451,4.799999999999999
501,0.11414482731,4.95963376724,1.94924423903,-0.0825936508334,4.799999999999999
502,0.152636195261,2.96669055062,-1.2222882347,1.72014972492,4.799999999999999
503,0.102189792686,2.05447284736,0.766689138665,-3.47065678537,4.799999999999999
504,0.226264527063,1.7999995667,-0.908784389511,1.01441597439,4.799999999999999
505,0.125797034393,3.77669288176,4.18337797118,0.917941572588,4.799999999999999
506,0.113880478373,-0.132728758156,-0.419456845841,-0.0287443765163,4.799999999999999
507,0.25369121264,-1.5888210693,1.21633121317,-1.44093420146,4.799999999999999
508,0.117910353816,0.701316034818,-0.0657905684885,-2.09311181994,4.799999999999999
509,0.129055085509,-0.520823874314,2.42612610697,-0.498981661885,4.799999999999999
510,0.17447403597,-0.12922118944,-0.705608289886,-0.875367992001,4.799999999999999
511,0.442961474841,-1.95663918553,-0.0784569718981,-1.33756923912,4.799999999999999
512,2.86542980808,0.99520644164,-0.144589038021,0.396566353694,4.799999999999999
513,0.154680018539,1.14520272791,1.3162753181,-1.72231589852,4.799999999999999
514,0.496240218081,-0.268348593497,-0.699146367705,-1.26300709097,4.799999999999999
515,0.13026189806,0.969525226486,-0.894318151762,-2.16377695561,4.799999999999999
516,0.131789660437,-2.48595456057,-0.837869976215,0.75356360372,4.799999999999999
517,0.105530275573,1.12891964443,-1.00474003094,-1.33399241663,4.799999999999999
518,0.111321342441,-1.57308472945,2.34167769533,1.35143730522,4.799999999999999
519,0.714841355356,0.140757320255,0.125773757469,-1.24334213301,4.799999999999999
520,0.489155272529,-3.45535944499,-0.905084405302,-0.901698515474,4.799999999999999
521,2.76033559738,1.6727650386,3.4916154779,-0.044748486976,4.799999999999999
522,0.551733501708,2.87230817824,-2.49826253252,-0.913174028993,4.799999999999999
523,0.136238202503,-0.112446876453,-1.66076054824,0.292822086307,4.799999999999999
524,1.599077182,1.44494767991,-0.710718915972,0.00567807906225,4.799999999999999
525,0.177187469897,1.53057851057,-0.173618944271,-2.70449898454,4.799999999999999
526,0.597615694211,-4.37497890287,-2.23924839263,2.7645112494,4.799999999999999
527,0.237548256014,1.70183638352,-1.88077669316,2.63323471834,4.799999999999999
528,0.101581041457,-0.637164418036,0.555766444631,-2.38392681722,4.799999999999999
529,0.10663386101,-0.197146247747,-0.480940278047,-0.921960112964,4.799999999999999
530,0.43690365434,1.37699928963,1.82219691564,-1.96929775301,4.799999999999999
531,0.430258182011,-3.29596864016,3.89440236141,-3.52020214373,4.799999999999999
532,0.413279847008,1.99172919015,0.327286513852,-1.91391357387,4.799999999999999
533,0.311165083261,-1.04446435769,0.306446461028,1.52372321968,4.799999999999999
534,0.714483209454,-0.920717218975,-1.32480780072,-1.06956629014,4.799999999999999
535,0.365596199835,1.04247162723,-0.474484329538,-0.961023525691,4.799999999999999
536,0.960443452516,0.378587183933,0.183330177995,-1.30004900194,4.799999999999999
537,0.372814892252,-2.38351853658,-0.0769603294344,-3.55748854819,4.799999999999999
538,0.115481237888,-1.29541227373,-1.91388767347,-2.99407403085,4.799999999999999
539,4.10972703614,2.84953680106,3.5832560032,-2.02219783741,4.799999999999999
540,0.370627734743,0.647191932608,-2.0440442583,2.22038403081,4.799999999999999
541,0.371486103083,0.825675943264,0.513549792033,-1.67540474445,4.799999999999999
542,0.128700869112,-1.02103566347,-0.0806597683699,-0.0694918416381,4.799999999999999
543,0.631128278947,0.497799837604,1.85098006849,-1.37100686829,4.799999999999999
544,0.140455428029,0.436173569311,-0.42026861779,-0.903298020066,4.799999999999999
545,1.23317918294,-0.324802294411,-0.297762507423,-1.39311827979,4.799999999999999
546,0.5402098721,-0.695385016824,-0.631838028481,-1.47846377956,4.799999999999999
547,0.259900228397,2.01469667971,-0.752463461916,-1.80671403797,4.799999999999999
548,0.112977601241,-0.135556160274,0.519153687535,0.420719594641,4.799999999999999
549,1.3255567334,0.290255132303,0.981028778731,-0.745801886649,4.799999999999999
550,0.202840398403,-1.32166942449,3.10383782697,-1.58370909906,4.799999999999999
551,3.04871748425,1.40343100344,-0.279183478937,-1.77781447685,4.799999999999999
552,0.627134550988,0.668337535586,-1.33544577228,0.110812706734,4.799999999999999
553,0.10985746344,-0.586635801409,-0.214999029159,-0.605155901854,4.799999999999999
554,2.29659582496,-0.663347948129,1.56777111529,0.453653041634,4.799999999999999
555,0.262310238631,-0.580105830364,-0.972554910483,-1.83416906074,4.799999999999999
556,4.06082776402,1.45393764392,0.629152981174,-1.10144339518,4.799999999999999
557,0.125842798876,-1.16646811548,-0.366137014344,0.524969246539,4.799999999999999
558,0.133002567518,0.738867156272,-0.21821945927,-1.49432430486,4.799999999999999
559,10.1227812853,1.00738213622,-0.332605503891,-2.11184898777,4.799999999999999
560,0.395421491312,-1.7112410872,-1.64450110115,0.854357499052,4.799999999999999
561,0.416036765482,1.18418258438,0.533397761551,-1.34034038989,4.799999999999999
562,0.116944368802,-0.976752679427,-1.42033617121,-0.267341533315,4.799999999999999
563,0.196965330168,-0.0366509245675,0.454878341631,-0.15634942127,4.799999999999999
564,0.189508282,2.54633785328,-1.3564803416,-1.81598234012,4.799999999999999
565,0.121395127131,-0.264494929643,0.225277196973,-0.790403962311,4.799999999999999
566,4.90330226062,-0.694209296925,0.412536062734,-2.44733945353,4.799999999999999
567,0.108580722208,0.354497085426,-0.591137812984,-0.766682769649,4.799999999999999
568,0.248612361621,1.85602077793,-0.646146348158,-2.68848875152,4.799999999999999
569,0.112232811773,1.13632983903,-2.12785860871,-0.00301385110997,4.799999999999999
570,0.22288359188,0.245247999478,-0.432202152462,-1.75658722571,4.799999999999999
571,0.322081342436,-2.08422559194,0.0998317587932,0.829426944022,4.799999999999999
572,0.509761589288,2.12840617113,-1.27788919066,-0.694410230796,4.799999999999999
573,2.34242115303,2.04154166813,1.23733816648,0.20404940854,4.799999999999999
574,0.101940492956,-0.821859655555,-1.23318028564,-0.656112882394,4.799999999999999
575,0.124440554695,2.75816504526,-2.23023274386,-2.43850360086,4.799999999999999
576,0.251388653599,1.59921716007,3.52961402371,-0.618730119687,4.799999999999999
577,0.191463829672,-0.176842118503,2.55565538533,-3.00161531395,4.799999999999999
578,0.113083922293,1.12676973446,0.170189661267,-1.03546979515,4.799999999999999
579,0.112499657367,0.420434718389,1.64488203501,-0.305293833627,4.799999999999999
580,0.117755528481,-0.0884123238425,-3.56094552125,4.35903443072,4.799999999999999
581,0.329501728878,-0.867072821242,-0.118312673315,0.301498891885,4.799999999999999
582,0.147490367552,-0.83708049718,0.64479122284,-0.572408022794,4.799999999999999
583,0.574063065728,1.15312216542,-0.42614431198,-0.986464320252,4.799999999999999
584,0.216965931863,0.267081082731,-0.255857312758,-1.4018478143,4.799999999999999
585,0.126294804056,-3.1711861258,-1.48257908964,2.83116389398,4.799999999999999
586,0.14799072714,-0.494827647279,1.05407704463,-2.49628990857,4.799999999999999
587,0.38355381037,0.92896396287,0.647919700165,-0.715212951847,4.799999999999999
588,0.20030615138,-0.16748393193,-0.417319276373,-2.02713227293,4.799999999999999
589,0.137557540488,-3.76228324791,-1.80390937683,-0.955961841176,4.799999999999999
590,0.45109585775,2.97415439929,-1.5287167577,-0.767118153806,4.799999999999999
591,0.23885433048,-1.1532051304,-1.70313685796,-0.536199351731,4.799999999999999
592,2.78794806464,1.19590220658,0.145724806417,-1.39840929454,4.799999999999999
593,0.452384335792,-0.0585301055176,-0.599500146229,-0.947829715426,4.799999999999999
594,0.141016928658,2.08263581939,1.40018261061,-0.3797298962,4.799999999999999
595,1.38139461867,-0.48889484696,-0.147279229586,-1.7800872157,4.799999999999999
596,0.251834690834,0.830479260541,-0.0818555283303,-1.84122506718,4.799999999999999
597,0.284913587248,0.395616952819,-0.879076229734,-1.1715185432,4.799999999999999
598,0.366091359229,0.341832917976,-0.221200018516,-1.59797409258,4.799999999999999
599,0.372185212779,-1.65830729716,-0.636378292325,-3.11238270525,4.799999999999999
600,0.27507262285,0.511013895597,0.346556490721,-0.816586949691,4.799999999999999
601,0.17211578455,-0.710281537082,-0.57206842759,-0.199641907131,4.799999999999999
602,0.205659639049,0.0614175751401,-0.85284188117,-1.45085585917,4.799999999999999
603,0.220013443388,1.67025436484,-2.50543189042,-0.433742607051,4.799999999999999
604,1.20951183694,-1.29142820304,0.757353012645,-2.66714395821,4.799999999999999
605,0.261238900196,0.474984237433,-3.21756262394,-2.0042327321,4.799999999999999
606,0.200135597858,1.17470522536,-0.753120845328,-0.758361282603,4.799999999999999
607,0.355577072857,-1.29022979769,1.592079399,-1.88071728659,4.799999999999999
608,0.266291807341,0.55068507778,-0.0383509985161,-1.42783485724,4.799999999999999
609,1.61339735887,-0.694592881512,1.48490127156,-1.35090253786,4.799999999999999
610,0.163563934525,0.0870654925049,0.568107883949,-3.94244483792,4.799999999999999
611,0.183143786131,3.00666305231,4.86890931333,1.61772052182,4.799999999999999
612,0.53289660117,-0.278618050912,-0.613305461733,-1.10769401455,4.799999999999999
613,0.132747767211,-4.83365541246,-2.91710441203,0.208854626623,4.799999999999999
614,0.117472258276,-2.56771047901,2.42162809308,1.14167335195,4.799999999999999
615,0.373824214484,2.63587275929,-0.672902849596,4.42659607283,4.799999999999999
616,0.253215074417,0.152010490972,-0.131318893348,-1.02917420762,4.799999999999999
617,0.271694177388,-2.44562028951,-1.1028712391,0.181768789813,4.799999999999999
618,0.478316239243,0.81614866007,0.776667879446,-1.34873813363,4.799999999999999
619,0.22965301933,-7.36114919518,-1.99120381149,-0.0790596043673,4.799999999999999
620,0.130900138064,-1.90191868164,-0.0582548959943,0.737964206394,4.799999999999999
621,0.299443904935,1.92573793008,-1.20505239595,-0.74931031479,4.799999999999999
622,0.194098609746,-0.376769439167,3.49096205191,-4.3663359654,4.799999999999999
623,0.124911098426,0.728477149223,-0.317917151009,-0.926802507117,4.799999999999999
624,0.449459060278,1.22815918016,0.371473270829,-1.62801566816,4.799999999999999
625,0.108860518841,1.01073707553,1.16630108904,1.36420323485,4.799999999999999
626,0.163385100096,1.46026377221,1.06157823181,0.384587458163,4.799999999999999
627,0.303594328917,2.48251219116,-2.99537710715,-0.424311402531,4.799999999999999
628,0.193589741744,-1.92711258003,-2.40903307262,0.716331907819,4.799999999999999
629,0.293822826332,2.47489171768,-0.0647789640145,-3.6841465725,4.799999999999999
630,0.297243661731,1.87337771211,2.10658463249,-0.19904568465,4.799999999999999
631,0.105127253738,1.10929375504,-0.0635941692254,-1.09898227231,4.799999999999999
632,0.679948169511,1.36199320328,1.07483175717,-0.436150839462,4.799999999999999
633,0.130856582629,1.18856462726,-0.189551763621,-0.241756660622,4.799999999999999
634,0.470692710767,2.94330878842,-0.228224563685,-3.13362050935,4.799999999999999
635,1.81111730143,2.32284246813,1.42374592796,-1.09044241256,4.799999999999999
636,0.102940715472,-0.0646896958132,1.17216577648,-0.322265024567,4.799999999999999
637,0.100664442973,-0.449843501812,0.205736302711,2.43128506656,4.799999999999999
638,0.42939578712,0.54024516286,1.76635459527,0.155385127772,4.799999999999999
639,0.476327127918,-1.62130324585,-0.473766806227,-0.610175622291,4.799999999999999
640,0.103302326661,-0.349409989411,7.38760761033,2.83413648126,4.799999999999999
641,0.232949751821,-2.93202722964,-1.52394511885,-0.173863420591,4.799999999999999
642,0.158443905942,0.714817634519,-0.258272130536,-1.40550434985,4.799999999999999
643,0.268309156479,2.37169382596,-1.19063094186,-0.687813234518,4.799999999999999
644,0.565818477923,-0.517546548328,1.43893916665,-0.935211600107,4.799999999999999
645,0.113267023988,0.0226242567905,0.493832835343,-0.789576809413,4.799999999999999
646,0.702758474876,2.01314236438,-2.02318613366,-1.52602426846,4.799999999999999
647,0.290061267328,-0.797175416589,1.55735905089,-5.88958631369,4.799999999999999
648,0.123866376074,-0.483368665482,1.05057135675,0.316852412398,4.799999999999999
649,0.146201173261,-0.744282642408,0.556924569606,-2.64204512771,4.799999999999999
650,1.46696364992,3.08373383544,2.070088939,-6.13127533262,4.799999999999999
651,0.405859945133,1.24354428718,-3.50140145124,-2.49032000485,4.799999999999999
652,0.680249925329,-3.85207844161,-3.13825485001,-3.7733854546,4.799999999999999
653,1.00588012299,0.915454390949,-0.796364414719,-1.56385840345,4.799999999999999
654,0.478820648736,0.664774518603,-0.333067012627,-0.46904728279,4.799999999999999
655,0.266817541002,0.351740083948,-0.924473096393,-2.34563539262,4.799999999999999
656,0.344187366282,1.00231152676,0.597056775302,-1.69755869288,4.799999999999999
657,0.159243281174,0.793268309178,1.1174673162,-0.932744312512,4.799999999999999
658,0.134580573408,6.03150562181,1.53314577505,-2.46065045389,4.799999999999999
659,0.667766715488,1.0698096342,0.44531756196,-1.01590575353,4.799999999999999
660,0.206931839812,-1.13505803664,-0.801896556043,-2.58835698741,4.799999999999999
661,0.168649229779,1.86182191783,0.804215808846,-1.87104267029,4.799999999999999
662,0.12518045918,-3.13067084881,-0.261419319471,0.0360263179422,4.799999999999999
663,0.268893573481,0.633299326476,0.0799784758141,-1.61565310943,4.799999999999999
664,0.231536046204,-0.915905733992,2.11519404477,-4.49738826985,4.799999999999999
665,0.419650980864,1.30982203691,-1.66533513999,1.46691833372,4.799999999999999
666,0.111350277889,-0.327569346417,-0.0457502859043,-0.584648575136,4.799999999999999
667,1.32495082728,-0.435948571395,0.518985469884,-4.12758391667,4.799999999999999
668,0.108499261721,1.48061117507,-0.840125705073,-0.57999770857,4.799999999999999
669,0.652734023478,-0.610985225034,-0.0279202003364,-1.30062344641,4.799999999999999
670,0.183751606426,1.7708283721,0.132225653986,-1.92358084401,4.799999999999999
671,0.120700895582,-3.34299953993,-0.5834514984,0.163297414214,4.799999999999999
672,0.123282617556,-2.81805511988,3.56468396111,-0.737718487128,4.799999999999999
673,0.165941968183,-2.3322345163,-0.511474598335,0.675044182036,4.799999999999999
674,0.125844029489,1.48194137703,-0.963289123226,-2.49200119152,4.799999999999999
675,0.866428427587,0.639861175249,-1.25588478719,-1.85884829754,4.799999999999999
676,0.34116764512,-0.0955464160087,1.69519713809,-2.05358904468,4.799999999999999
677,0.280243743986,0.850095903924,0.0660227627116,-0.818051020367,4.799999999999999
678,1.9032146318,0.517248441518,0.915262847921,-0.268801414305,4.799999999999999
679,0.582494959213,1.75096747275,-3.49957487328,-0.252495311969,4.799999999999999
680,0.266630171384,1.8556395432,1.52827820674,-1.08482444788,4.799999999999999
681,0.100470327136,-1.78312198783,-1.24672798051,0.141811017719,4.799999999999999
682,0.118181291824,-6.34207215829,-0.149266051015,-2.09966548198,4.799999999999999
683,0.217346969377,-1.17013143793,0.566158394178,-2.57162686745,4.799999999999999
684,0.361560375362,1.45821634329,-0.340865081754,-0.428613678286,4.799999999999999
685,0.116846655745,0.402417414065,-1.2713942929,2.56922301713,4.799999999999999
686,0.2500660288,-0.282813479865,-1.09245618389,-1.89286122908,4.799999999999999
687,0.422333571876,-1.27993174574,-0.751600682286,0.523343781233,4.799999999999999
688,0.13086863418,-0.982377295124,-1.37220268516,0.120059482552,4.799999999999999
689,0.469404470389,0.0723824177835,-1.01851556023,-0.923892078219,4.799999999999999
690,0.125154687069,-0.546358949021,0.270275711861,-3.70512530427,4.799999999999999
691,0.332860899126,1.03414572368,0.543193004635,0.527588326831,4.799999999999999
692,0.147024399892,2.37293761625,2.30656130906,0.941576142926,4.799999999999999
693,1.63174901093,-0.492976264729,1.6362465353,-1.25458015228,4.799999999999999
694,0.163708125792,0.803537219261,0.608166464947,-1.28334192617,4.799999999999999
695,0.233939468489,1.89354268939,-1.41045533826,-0.751733621767,4.799999999999999
696,0.518383788754,-1.69047128295,5.37894976346,-1.47989582901,4.799999999999999
697,0.200991285326,2.12985445527,-2.58588337585,-3.22500098863,4.799999999999999
698,0.685790675811,-0.963556205568,-2.43275280055,1.85286090789,4.799999999999999
699,0.452976449222,-2.3252253739,1.73959918175,-2.02467522591,4.799999999999999
700,0.393239238457,0.990663493345,0.658349068814,-1.8331506525,4.799999999999999
701,0.378091963814,0.314932228418,-2.94288301767,-3.97827782464,4.799999999999999
702,1.35304548107,-2.49235560419,-1.64058595992,2.0082074423,4.799999999999999
703,0.158857062257,1.05029246548,-0.442749130787,-1.11371515818,4.799999999999999
704,0.185102703314,1.39746704959,-1.60322135101,-1.38716159365,4.799999999999999
705,1.26444410175,-0.477478912312,0.471235453032,-3.68216142055,4.799999999999999
706,5.03334684176,0.637536909087,0.983683406593,-0.793644183338,4.799999999999999
707,0.102881844601,1.18532127196,1.40733611509,-1.76544979299,4.799999999999999
708,0.447998669074,0.960096722929,2.2591215427,0.167777456387,4.799999999999999
709,0.322275937841,0.463981565661,-1.72097403421,-3.87675082615,4.799999999999999
710,0.250099853097,0.480293434846,-0.317413445132,-1.08674388311,4.799999999999999
711,0.138889158888,2.1862552631,3.53252736108,0.746244385592,4.799999999999999
712,0.376323421321,1.64108794128,-3.10779964392,-2.94841143766,4.799999999999999
713,0.144153954879,0.274737571146,-0.44533488636,-1.73659015916,4.799999999999999
714,0.231818922276,0.99581925247,-1.644429391,-1.23721749998,4.799999999999999
715,0.646593310549,0.0986926112346,-2.06158493274,-0.603858344408,4.799999999999999
716,0.308916660232,3.73817589856,-1.27083867171,-7.25732412804,4.799999999999999
717,0.121253200478,1.49458438213,1.58213523467,-4.06812409384,4.799999999999999
718,0.603009714117,0.237693580672,0.0911920269501,-2.01530360723,4.799999999999999
719,0.655212188194,-3.34188672702,-3.46071650788,0.40245788596,4.799999999999999
720,0.196733573609,0.177069365069,-3.3772507886,-2.11943535246,4.799999999999999
721,0.102531862056,-0.0456314834088,-2.76137108836,-3.25551781619,4.799999999999999
722,0.430852790901,2.33407070295,-0.844149516087,-0.969361612423,4.799999999999999
723,0.334190204841,0.324898020013,0.101090920148,-0.763191041361,4.799999999999999
724,0.101017322331,1.64101440567,1.15835860131,-0.0488548488562,4.799999999999999
725,0.185465796843,0.317024617337,0.397700020135,-1.40339078619,4.799999999999999
726,0.128114337246,1.20674499409,0.176971129628,0.923089214832,4.799999999999999
727,0.195912185973,0.294766559488,0.94781407745,-1.11665306885,4.799999999999999
728,0.124911681656,-1.45822842439,3.79324415155,-4.02772990193,4.799999999999999
729,0.527378940494,-0.922103954865,0.07414297914,1.91785800977,4.799999999999999
730,0.157554291953,3.37859993266,0.264886911268,-1.18971425928,4.799999999999999
731,0.516615854134,-0.139579574035,-1.34204431121,0.419070695298,4.799999999999999
732,0.1868954445,-3.77122304325,-2.69739778442,-0.0500875291474,4.799999999999999
733,0.262634216471,-0.376310258139,-1.72933533142,1.61887957198,4.799999999999999
734,1.77096960528,0.196768211097,-0.124786891453,-1.29653099484,4.799999999999999
735,0.253498891185,1.22412850269,0.453799457757,-2.70604982248,4.799999999999999
736,0.177374426533,0.780572723722,-0.523490568582,-1.09604571951,4.799999999999999
737,0.331318383626,1.08061039764,0.78646115759,-1.7934334106,4.799999999999999
738,0.312803075364,0.394857970155,0.374229403607,-1.6385940037,4.799999999999999
739,0.421399437225,0.307811743409,0.50144462452,-1.93046318422,4.799999999999999
740,0.421064405521,0.69552669363,0.911302346598,-0.729398977515,4.799999999999999
741,0.13184182228,-2.64153690289,2.52511171434,1.32410729514,4.799999999999999
742,3.41041882929,1.87186458001,1.31444431735,0.171448792483,4.799999999999999
743,0.492177710311,3.30251566193,2.30992501676,-1.60747740417,4.799999999999999
744,0.196756698884,-0.442597159205,-0.817164381992,-1.99111431995,4.799999999999999
745,0.442806220797,1.35059023596,0.293371323516,0.222977110698,4.799999999999999
746,0.567939207651,0.415221216491,0.0210341638255,-0.835407051313,4.799999999999999
747,0.101414745683,1.4763007759,-0.440163752019,-0.884473481153,4.799999999999999
748,0.321477262605,0.996652578182,-2.90319565925,2.05338604674,4.799999999999999
749,0.371854784869,0.439464459353,0.197240185293,-2.63769074926,4.799999999999999
750,24.2007324163,-0.345050118372,0.129387033598,-0.357292040753,4.799999999999999
751,2.16280246476,-0.271082195983,0.0052066799874,0.600474381657,4.799999999999999
752,0.235316888829,-2.45907637275,-2.40543112417,-0.327151124199,4.799999999999999
753,1.22310206482,-1.03786286539,0.270567492073,-0.790680647643,4.799999999999999
754,2.54104800511,0.273435574325,-3.72324680626,-0.275244714016,4.799999999999999
755,1.24141081326,-2.06100454525,-0.233046511844,-4.08151424411,4.799999999999999
756,0.193773035723,1.11387730054,-3.1977782199,-0.441379872121,4.799999999999999
757,0.167312479891,-1.40541522206,-0.384035494433,-0.471957558166,4.799999999999999
758,0.222368977441,-3.05817961897,-1.28346991816,-0.234764560343,4.799999999999999
759,0.175183579701,0.340743814478,-0.621897519798,0.506659344511,4.799999999999999
760,0.152749122759,0.43563721401,-1.73158577747,1.56339659873,4.799999999999999
761,0.141314362248,1.05546188845,-1.10148962821,-2.74593657287,4.799999999999999
762,0.182690388783,0.0257479266995,-0.142381266897,-1.96621083445,4.799999999999999
763,0.105930392738,2.25871001553,-1.22542649846,-2.77329312875,4.799999999999999
764,0.597655453641,-1.27511378412,1.67599115747,-0.892614633277,4.799999999999999
765,0.107684794055,-2.92937360219,1.06735005304,-5.55922434754,4.799999999999999
766,0.959441076264,0.159634898186,0.334460454542,-1.50213691694,4.799999999999999
767,0.288968330122,0.109433179436,-0.0626238567185,0.0308838560766,4.799999999999999
768,0.125078390876,-3.23675404723,0.135715879598,-1.90615324923,4.799999999999999
769,0.212795354482,-0.377919004389,0.26885598577,-0.329221780033,4.799999999999999
770,0.199871671488,-1.71643714247,0.499417657405,2.26665846725,4.799999999999999
771,0.419568652245,-1.20063493485,-0.0970226176066,-1.62883432212,4.799999999999999
772,0.775546044111,-0.369996526089,0.161111934355,-0.373754011214,4.799999999999999
773,0.118438608531,-4.02031357199,-2.14778127417,1.29528500984,4.799999999999999
774,0.126884697213,0.0328068037914,-1.63353820888,-1.07761043068,4.799999999999999
775,0.1220221732,0.791057890389,0.425303453817,-1.97028725317,4.799999999999999
776,0.17637753475,-4.85741475671,0.152280601735,3.97342796558,4.799999999999999
777,0.158947871395,0.141031306214,-0.150842394559,-1.38459104912,4.799999999999999
778,0.257466253803,1.29996756311,-0.598710116672,-1.12413611103,4.799999999999999
779,0.114077717871,-2.47261720278,-0.0861419444964,-0.567475585663,4.799999999999999
780,0.145709305357,0.361375635492,-0.480089573911,-1.84793429395,4.799999999999999
781,0.107393583237,-1.0016045235,0.840217254209,-2.75722585375,4.799999999999999
782,0.690779433347,-0.225026677825,0.0859288397791,-2.20229450162,4.799999999999999
783,0.23021126365,-0.408353939942,-0.0630845986364,-0.386609779396,4.799999999999999
784,0.275400300851,5.03791663606,0.610213905062,1.67827714875,4.799999999999999
785,0.49286448231,-0.049187153412,-0.130613923748,-0.635473563294,4.799999999999999
786,0.263024331669,0.495848789758,2.53900416053,-3.25938062248,4.799999999999999
787,0.288320240005,0.488488462951,-0.00794668927065,-0.644610157705,4.799999999999999
788,0.118950577618,-0.243982552927,1.30638351389,0.234217795103,4.799999999999999
789,0.218370308363,1.11157887993,-0.43992671146,-1.77121172281,4.799999999999999
790,1.78299921805,-1.29142309113,1.69197441679,-0.201921729294,4.799999999999999
791,0.160033523792,0.340125414024,-1.61655945178,0.811865195934,4.799999999999999
792,0.302645951051,4.48836857266,-2.57067596517,1.64296486291,4.799999999999999
793,0.383075322162,0.495132525793,0.410468791027,-0.488430366465,4.799999999999999
794,0.309968101368,-0.157098882855,-0.305565309631,-0.540037414266,4.799999999999999
795,0.50495495229,0.582864519183,-2.88665897102,1.62418002773,4.799999999999999
796,0.848140416636,0.607821358443,0.603284270671,-1.63375072789,4.799999999999999
797,0.115947828758,3.54994282537,3.64879578986,-1.94305168218,4.799999999999999
798,0.132681268669,0.352529095155,0.872628608196,-2.39161409922,4.799999999999999
799,0.264594268222,-2.90598483877,-2.11624157061,0.0522858295961,4.799999999999999
800,0.165658624695,0.137246738401,-0.693579321908,-1.76156331991,4.799999999999999
801,0.43714700805,-0.264181089033,-0.124542164693,-1.00634816868,4.799999999999999
802,2.59349578338,-0.754860786638,-0.39127348425,-0.24129638233,4.799999999999999
803,0.744128056919,-0.0692221768475,-0.625743364862,-2.10629823531,4.799999999999999
804,0.228771876448,-1.06413038924,0.805591646569,0.248258229426,4.799999999999999
805,0.469663651912,2.24763827926,-1.89198715898,-3.01224202175,4.799999999999999
806,0.543146966355,1.28626333155,-0.0809659312543,-3.42411279817,4.799999999999999
807,0.186611764383,0.561500796983,-1.18839115902,-0.904279780527,4.799999999999999
808,0.677710186679,-3.91913419345,1.17135712037,2.10858936381,4.799999999999999
809,0.797859665881,-2.5877072427,-2.85423164692,0.107817919273,4.799999999999999
810,0.312607904154,0.768422407236,0.126313686431,-0.373584462616,4.799999999999999
811,0.288756333374,0.876898389134,-0.702895683347,-0.623131367488,4.799999999999999
812,0.353439248669,1.13314247406,-0.153282037324,-2.05364851048,4.799999999999999
813,0.345734939289,-0.216028093974,0.32993486742,-0.800183516482,4.799999999999999
814,0.16850925438,-0.358777827588,0.665014730864,-0.883023141641,4.799999999999999
815,0.632944808311,-1.17009396909,1.6074730969,-2.62127466643,4.799999999999999
816,0.113037747576,0.0723885909262,-0.676802551188,-0.683086897108,4.799999999999999
817,0.386502552038,-4.41865067512,-3.3461307209,-1.60179186962,4.799999999999999
818,1.92574897225,-3.8054037369,-2.51476769467,0.727082556741,4.799999999999999
819,0.82546909413,0.726475784558,-2.35583908018,0.985826644513,4.799999999999999
820,0.140405330578,0.364529033091,-2.32492636112,-3.04494647695,4.799999999999999
821,0.306095488583,-0.589518606303,0.784591906577,-2.33516142342,4.799999999999999
822,0.218765048153,1.53616755377,0.539234836891,-0.901263926919,4.799999999999999
823,0.87931757568,-0.371817168043,-0.477037254878,-0.0882264923714,4.799999999999999
824,0.13934430396,1.51811493666,-0.693191203021,-0.506764653565,4.799999999999999
825,0.255333279384,1.74778032488,0.583395609834,-1.61802952702,4.799999999999999
826,0.388901168288,0.302440350992,-1.95235029622,0.250809765396,4.799999999999999
827,1.52012784398,1.31660347106,-0.524045832949,-1.36014839492,4.799999999999999
828,0.115534747922,0.493531743527,0.790396232825,-0.107118321338,4.799999999999999
829,0.203635166514,-0.609812207631,-0.566558612832,-1.3129212642,4.799999999999999
830,1.77649205831,0.659632953822,0.114857697126,-2.14936501388,4.799999999999999
831,0.638625115209,-1.09707287855,0.718276911462,-1.83433894925,4.799999999999999
832,0.210750213659,0.84927706784,1.02405128779,2.25801349089,4.799999999999999
833,0.103133077146,-1.74935203776,-3.86458964932,1.93233077464,4.799999999999999
834,0.272357075985,-0.541754377433,0.273086369143,-3.56697835163,4.799999999999999
835,0.678582679824,1.51315032267,0.691440585597,-1.68516714183,4.799999999999999
836,0.633044034568,0.0188734445653,-0.980837620437,-1.49793987335,4.799999999999999
837,0.100361078904,-0.423502200187,-2.35150336536,-0.252903338332,4.799999999999999
838,2.60565193631,0.256927258341,-0.34225361563,-2.20372405535,4.799999999999999
839,0.287471591237,1.27811784813,-0.256993105991,-0.851541479234,4.799999999999999
840,0.1010403282,1.05193001994,0.0766454161047,-1.02247046398,4.799999999999999
841,0.21572627078,1.40071404355,0.0155253445769,-0.673306425675,4.799999999999999
842,0.844274406821,-0.415385017834,-0.0181241338011,-0.193785046077,4.799999999999999
843,0.128085666765,-0.473150485893,-0.202314799409,-1.41016705889,4.799999999999999
844,0.200242907864,3.02120543472,-0.107147162812,-0.620024010044,4.799999999999999
845,0.140859449417,0.803565507642,1.35832201864,-2.10171825942,4.799999999999999
846,0.104646800329,0.432007214597,-0.15260727761,-0.98610381565,4.799999999999999
847,0.261660592471,-0.302832831153,3.79234727798,2.31873897435,4.799999999999999
848,0.138177610163,-0.499223985063,0.221451713618,-2.43234365624,4.799999999999999
849,0.562205708212,1.66779654964,-1.04640897864,-2.04680236089,4.799999999999999
850,0.557405591872,-0.534477625033,0.304139844949,-1.26097106045,4.799999999999999
851,0.398791692535,2.38880065554,-1.97521072972,0.231806539814,4.799999999999999
852,0.126021342956,-1.48857619672,0.966086517941,-2.36088667872,4.799999999999999
853,0.105125181996,-0.635275385435,-2.12650129622,-4.84753386147,4.799999999999999
854,0.222305925412,2.69281536062,-0.0878185751945,1.64742386635,4.799999999999999
855,1.89184632237,0.353984593893,0.0176301836786,-0.547596354478,4.799999999999999
856,0.177412494531,-3.01175896011,0.0601401659424,-3.09642002705,4.799999999999999
857,0.11736866495,0.659616022667,1.41773049208,-3.34483765218,4.799999999999999
858,0.107210779805,0.532078642972,-0.448243275511,-1.47648371727,4.799999999999999
859,0.103655722135,1.3606905273,-0.680690222183,-1.15462321986,4.799999999999999
860,0.443246524253,0.947704456044,0.675834120575,-1.73387622025,4.799999999999999
861,0.449181080208,-2.33275826422,-2.28442845036,-0.647791799686,4.799999999999999
862,0.276959403887,-0.40807798193,0.348918267695,-0.812773702993,4.799999999999999
863,0.165110045566,0.235419451728,-1.90296298864,1.36097987518,4.799999999999999
864,0.215546083929,0.790495510366,5.29770629675,0.651840713183,4.799999999999999
865,0.428259375564,1.55668060691,-0.013105280477,0.376661844573,4.799999999999999
866,0.247847496697,-1.34154925726,-1.16237639966,-0.605829210102,4.799999999999999
867,0.788624787172,1.25984528314,-0.503063524393,-3.96719734963,4.799999999999999
868,0.329321022222,-3.24054324102,0.76171846972,0.552264257064,4.799999999999999
869,0.321235946374,-0.516409833708,-0.115123208716,-2.01004934541,4.799999999999999
870,0.155622392548,1.45376867227,0.378737303089,-1.24461082668,4.799999999999999
871,0.403518035725,3.82114267567,1.67942458165,4.94947938024,4.799999999999999
872,0.104042437031,-0.661166192061,-1.45338911169,3.08644189868,4.799999999999999
873,0.221511954835,0.9564160963,-2.76010812389,3.63726119005,4.799999999999999
874,0.400460773621,1.27285887657,-1.10896136061,-2.31677419877,4.799999999999999
875,0.18374102362,-2.5863695488,-0.992664678428,-1.84447252177,4.799999999999999
876,0.225773043744,-2.74981649393,-0.152043669551,3.51550436726,4.799999999999999
877,0.175119152623,-0.550718356578,-0.0414129149368,0.248225018356,4.799999999999999
878,1.37438713058,-0.0180269448015,2.02316845752,-0.486853322276,4.799999999999999
879,0.175528615173,2.56254639916,-0.0357100649543,-0.0691423087252,4.799999999999999
880,0.298516000824,2.95283148702,2.46515238216,-1.37121640114,4.799999999999999
881,1.48740731729,1.249445663,1.16498069112,-1.34899600807,4.799999999999999
882,0.15553294845,-0.303617247931,-0.00758017716853,-2.30819196969,4.799999999999999
883,0.308466773862,0.506203835801,-0.823206027679,-2.98097888641,4.799999999999999
884,0.350568849052,1.52832264761,-1.10356838007,-1.61521843868,4.799999999999999
885,0.342435022223,0.747081624765,-0.146649302865,-1.36522018421,4.799999999999999
886,0.313250034767,2.2210190443,1.30369412193,-0.960057411485,4.799999999999999
887,0.305016069104,-3.83585218663,-0.0489424009371,-2.12544103948,4.799999999999999
888,0.606457468521,0.417908609021,-0.394528278286,-1.20402362301,4.799999999999999
889,0.243376375203,-4.84108168598,0.826201744269,4.57405883658,4.799999999999999
890,0.184015903738,0.85340346565,0.384971570759,-0.395650980912,4.799999999999999
891,0.37199031747,3.15459831359,0.0294750369222,-5.20291054161,4.799999999999999
892,0.111715266544,-2.10059603269,-1.9128594149,0.0286042855481,4.799999999999999
893,0.298261752878,0.161419828874,-0.190515892927,-1.25195199722,4.799999999999999
894,0.848676857971,-0.23550125029,-1.40661406512,-2.24767037505,4.799999999999999
895,0.80403131651,-1.24469832759,-0.157428402789,0.35065115783,4.799999999999999
896,0.548229420873,0.670569299899,-1.77181588614,-0.798866051191,4.799999999999999
897,0.181996210371,2.17814717888,-1.44505264021,-2.66091665548,4.799999999999999
898,4.28660660363,-2.47490126013,-2.63529373642,0.648775177765,4.799999999999999
899,1.45964046761,-0.398277443674,-1.35449952335,-0.496045602488,4.799999999999999
900,0.59014850191,1.6758977368,-0.748298535936,-0.291914995764,4.799999999999999
901,0.139072468106,4.13488418743,-3.52297399645,-1.49423276236,4.799999999999999
902,0.581291270546,0.962599559721,0.0193939823684,-1.03677132603,4.799999999999999
903,0.382792653137,-0.74834122186,0.0690516744689,-2.07138299957,4.799999999999999
904,0.142585869178,-0.0638993313122,-1.71627023602,-1.73235562443,4.799999999999999
905,0.148128561713,-0.982997186585,-1.32064343318,-3.67556052423,4.799999999999999
906,0.556260843642,2.40189557567,-0.959887472105,-1.12954376567,4.799999999999999
907,0.255159475437,-0.57544032481,0.0505441246387,-0.329040980644,4.799999999999999
908,4.30551688271,-0.993572429131,0.70061038653,-2.34981357789,4.799999999999999
909,0.664487322529,0.678155553938,-1.03761586434,-1.36641169822,4.799999999999999
910,0.312510426718,0.998030989189,5.21418780466,-2.2231386195,4.799999999999999
911,0.37203698575,0.20779595497,0.577513730882,-0.565222362892,4.799999999999999
912,1.0550172229,-1.0099720982,-0.75736023014,-1.40146548288,4.799999999999999
913,0.855459502997,0.125075371391,-1.96402524616,3.65478247617,4.799999999999999
914,0.48540286292,0.198334843953,0.050059440353,-1.43439642388,4.799999999999999
915,0.109105761112,1.14197367675,0.0454860464325,-0.0717168544232,4.799999999999999
916,0.52114746111,0.218330989275,-0.494458398175,-0.913055389734,4.799999999999999
917,0.128983217802,0.521288276781,1.21483988896,-0.796831447841,4.799999999999999
918,0.517487665428,0.551192853813,-0.123801398154,-1.03565663894,4.799999999999999
919,1.39320477654,0.224933082625,-0.216992366032,-1.61100877779,4.799999999999999
920,0.358981909373,0.253682600508,-0.392007597232,-1.32192005842,4.799999999999999
921,0.296116735487,0.50873697349,-3.62964398322,-0.609139510923,4.799999999999999
922,0.113189050674,-0.477415177692,3.86225174934,-2.75512902073,4.799999999999999
923,1.26576882862,-0.498658195603,-0.00892470718362,-0.0284248638489,4.799999999999999
924,0.140372714336,-0.697191710768,1.91180813271,-0.0846285720274,4.799999999999999
925,0.100676375068,-2.97979455089,4.12979372147,-1.18127020321,4.799999999999999
926,0.483024806092,6.00947537785,-1.71815132548,0.250357724496,4.799999999999999
927,0.125298675238,-1.10086060656,2.86072690594,0.312537155679,4.799999999999999
928,1.4358452725,2.6171764786,-2.88590265877,-2.27377360131,4.799999999999999
929,0.102343632394,-0.621454174807,-0.516977888695,0.0174418687301,4.799999999999999
930,0.293809733518,0.246331964748,0.0548104522828,-1.60870975182,4.799999999999999
931,0.139961886862,0.162666455014,-0.133477684055,-1.31729316188,4.799999999999999
932,0.31622560738,0.738016992753,4.69089997147,-2.33270615251,4.799999999999999
933,0.198666460665,0.890678053605,-2.97326647655,1.34044438921,4.799999999999999
934,0.158875474402,1.94477662326,-0.289981756573,0.365995071873,4.799999999999999
935,0.124876142326,-0.462817498383,-0.00988092862987,-1.3518466951,4.799999999999999
936,0.162435621193,0.484767966875,0.134631398166,-1.0456361897,4.799999999999999
937,0.345670684528,0.198785476047,0.637973550415,-0.627994376496,4.799999999999999
938,0.202732819248,0.666658413061,-0.749339207218,-0.564980964648,4.799999999999999
939,0.457511690027,2.36401301536,-1.5596675627,0.106560343462,4.799999999999999
940,0.392158750723,0.131387531756,2.29703791419,-2.11629907311,4.799999999999999
941,0.198040820753,0.49127326686,-1.19394791268,0.722905162972,4.799999999999999
942,0.201885854904,-0.601798294874,-0.178232743673,-0.0718070815002,4.799999999999999
943,0.162389856769,3.56175515873,-2.16660749071,4.24726185261,4.799999999999999
944,0.159903379788,-3.18701519513,-1.53209906947,2.51433486467,4.799999999999999
945,0.131331190325,1.67081076004,-1.49038295378,-0.139972702168,4.799999999999999
946,0.35035984266,1.74367999943,-2.97430733545,-0.348224283187,4.799999999999999
947,0.203026977006,0.544541746685,0.392422392482,-1.51633331591,4.799999999999999
948,0.230524224074,-1.39840691307,2.26991506834,-6.74229850846,4.799999999999999
949,0.14893990425,-0.275787886807,-1.81506238905,-1.32269366816,4.799999999999999
950,0.166785472005,-1.86870064372,-2.75402492359,0.0378075648909,4.799999999999999
951,0.10454295114,-2.29200377207,-0.0993109020874,-0.803962777627,4.799999999999999
952,1.15357381456,0.645939698944,0.330992009071,-1.83534756355,4.799999999999999
953,0.110800891937,3.14642550884,-0.011606653846,-4.07965904793,4.799999999999999
954,0.64410034848,-0.390683729216,2.95243786821,-0.150543216201,4.799999999999999
955,0.36538163567,-1.93202336201,-0.448263363888,2.12048692418,4.799999999999999
956,0.188765686883,-3.28787684343,-2.37599612074,-1.19856803262,4.799999999999999
957,0.889765335941,-0.715365104205,-1.71123953997,2.88743450524,4.799999999999999
958,0.10129545752,0.166352471214,-0.259073327338,-1.86497419948,4.799999999999999
959,0.816542607419,0.0197606944384,-0.163855372478,-2.00974648576,4.799999999999999
960,0.558126515461,4.19851835525,-4.25725725049,0.221939657699,4.799999999999999
961,1.00523047573,-0.0817381807529,2.69020389365,-1.71488666857,4.799999999999999
962,0.112954969202,0.731251652172,1.50137741454,-0.40726022202,4.799999999999999
963,0.289733218396,-5.55870670403,0.144315569004,1.59090147178,4.799999999999999
964,0.12085118805,0.201681907592,-2.56835594659,-0.4026441403,4.799999999999999
965,0.268709040006,-0.397300124851,-0.25997749998,-3.42886361661,4.799999999999999
966,0.361978322137,0.802444383464,-0.543445237552,-1.86780009175,4.799999999999999
967,0.100785418827,1.39533169612,0.31321003343,-1.35892008177,4.799999999999999
968,0.20512581415,0.731752986252,0.238039922181,-0.752049055655,4.799999999999999
969,1.07814119485,1.91376621468,1.55904400719,5.30024519311,4.799999999999999
970,0.169075917314,1.38785787836,1.02566045626,0.525872792096,4.799999999999999
971,0.122282279631,-1.06536913478,0.975082076737,4.10562691508,4.799999999999999
972,1.95591304488,1.48361382224,-1.65432745356,-2.49204153202,4.799999999999999
973,0.155273871191,-0.546452041324,2.91592060014,3.0290476797,4.799999999999999
974,0.167387489383,1.35051776785,-0.65632436628,-1.22689316324,4.799999999999999
975,0.21373496292,-2.57519515851,0.74155778174,0.304412876843,4.799999999999999
976,0.199808195347,1.33371559809,0.176235770068,-2.47424630144,4.799999999999999
977,0.720964349572,-2.88435126906,-1.0474506016,1.67676001393,4.799999999999999
978,0.342245242281,-0.0802471196281,-0.513407715625,-2.14336737554,4.799999999999999
979,1.04737878879,0.0115435140091,4.10424523649,-1.00434526128,4.799999999999999
980,0.146870392231,1.06449903569,-0.0610638836588,-0.505628229372,4.799999999999999
981,0.285273624207,0.664068620124,-1.00811205644,-0.397157443672,4.799999999999999
982,0.112834035134,-1.59071500066,-0.709493431856,-0.910828636612,4.799999999999999
983,0.15641887932,0.00799717631644,0.818973431099,-1.33784555613,4.799999999999999
984,0.49349327666,0.673755664496,-3.30611956579,-4.53689037818,4.799999999999999
985,1.03031165504,3.17763540777,-2.75966109907,0.249482669397,4.799999999999999
986,0.192202151936,0.257451890486,-1.1560521282,-0.568074165721,4.799999999999999
987,0.619912976359,0.853827924565,-4.08933444531,-0.551509419912,4.799999999999999
988,0.139676885052,4.52037148446,2.48800411706,-2.77572573956,4.799999999999999
989,1.75447861598,0.754199236446,0.636269725947,-0.974089770779,4.799999999999999
990,0.415856947985,3.79741370109,-3.90745271389,-1.57752968157,4.799999999999999
991,0.104081512121,-0.398691814541,0.592245228358,0.559345164564,4.799999999999999
992,0.129294223689,0.185452436807,-0.742146178987,0.442196581653,4.799999999999999
993,0.255080648813,-0.0149760590117,1.61309174342,-0.713035059229,4.799999999999999
994,0.264496472581,-0.0792816158471,-0.531770119529,-1.94861070664,4.799999999999999
995,0.911820192052,0.451598597552,0.235222409252,-1.3585033549,4.799999999999999
996,0.171923976099,-1.29898754724,3.98661260237,0.598164009408,4.799999999999999
997,0.107341366834,2.29945603325,-3.90528633387,-2.15979152355,4.799999999999999
998,0.108342036111,-3.00564098657,-3.73456575695,2.60368280644,4.799999999999999
999,0.112640509098,-3.8531017053,-2.25820341686,-3.75022637219,4.799999999999999
